userId,movieId
1,541
1,2804
1,1240
1,2028
1,589
1,1374
1,2947
1,2762
1,32
1,858
2,593
2,79132
2,2959
2,7438
2,106782
2,356
2,4993
2,1213
2,3949
2,296
3,608
3,1215
3,2762
3,2028
3,1214
3,356
3,1208
3,50
3,296
3,1222
4,858
4,1193
4,1247
4,908
4,318
4,1299
4,1208
4,1263
4,1089
4,1265
5,590
5,457
5,356
5,300
5,454
5,21
5,110
5,500
5,161
5,292
6,380
6,588
6,551
6,587
6,161
6,590
6,597
6,442
6,362
6,356
7,2571
7,318
7,32
7,296
7,6377
7,1704
7,47
7,589
7,1196
7,4306
8,110
8,588
8,165
8,454
8,589
8,161
8,288
8,434
8,349
8,316
9,1196
9,8636
9,5349
9,1240
9,2028
9,6934
9,2571
9,589
9,6539
9,3793
10,40815
10,88125
10,91500
10,6373
10,4896
10,69122
10,1197
10,112852
10,31685
10,6539
11,110
11,47
11,380
11,590
11,592
11,454
11,296
11,344
11,364
11,231
12,356
12,1307
12,4306
12,1721
12,2706
12,2396
12,2572
12,595
12,1380
12,49286
13,260
13,1210
13,2959
13,356
13,4993
13,593
13,2762
13,4306
13,296
13,1196
14,457
14,150
14,380
14,590
14,50
14,300
14,597
14,161
14,165
14,292
15,296
15,3578
15,7153
15,110
15,44191
15,1258
15,48516
15,2028
15,1
15,4878
16,1221
16,541
16,7361
16,110
16,1089
16,1210
16,1270
16,6016
16,778
16,590
17,608
17,4878
17,6377
17,1136
17,2329
17,79132
17,4011
17,1213
17,3578
17,7361
18,1198
18,296
18,293
18,1196
18,4878
18,6502
18,110
18,2858
18,71535
18,74458
19,858
19,608
19,1036
19,50
19,1206
19,1127
19,555
19,1208
19,2000
19,441
20,2571
20,1136
20,356
20,5816
20,317
20,318
20,1
20,1210
20,260
20,595
21,1198
21,6539
21,71535
21,86332
21,47
21,1580
21,364
21,593
21,2716
21,5952
22,6874
22,2571
22,79132
22,4886
22,5952
22,48774
22,1704
22,8874
22,5989
22,1
23,2571
23,111
23,2997
23,47
23,110
23,1196
23,1222
23,904
23,908
23,2858
24,5418
24,260
24,50
24,6874
24,7153
24,8665
24,48516
24,7438
24,527
24,296
25,318
25,2959
25,68954
25,109487
25,356
25,260
25,76093
25,54286
25,8961
25,92259
26,590
26,110
26,292
26,480
26,185
26,318
26,161
26,588
26,253
26,32
27,1265
27,1291
27,480
27,2028
27,593
27,1240
27,329
27,1210
27,1136
27,1214
28,2858
28,318
28,33794
28,4226
28,48516
28,5418
28,7153
28,50
28,33166
28,6377
29,924
29,1193
29,5952
29,1
29,260
29,1221
29,527
29,1210
29,4993
29,1214
30,2571
30,5952
30,1240
30,858
30,3578
30,296
30,2028
30,8961
30,78499
30,293
31,95
31,32
31,260
31,494
31,62
31,802
31,457
31,628
31,786
31,589
32,1356
32,17
32,762
32,852
32,5
32,112
32,457
32,494
32,788
32,805
33,296
33,357
33,474
33,47
33,595
33,367
33,592
33,590
33,34
33,454
34,1210
34,3578
34,6874
34,7153
34,2959
34,6377
34,4993
34,480
34,1291
34,1196
35,380
35,150
35,588
35,457
35,161
35,480
35,292
35,527
35,454
35,110
36,457
36,608
36,858
36,2918
36,356
36,2858
36,5060
36,1
36,924
36,903
37,110
37,185
37,480
37,153
37,47
37,434
37,344
37,10
37,588
37,161
38,457
38,539
38,380
38,110
38,356
38,648
38,589
38,587
38,551
38,165
39,1036
39,2858
39,1240
39,3578
39,1206
39,110
39,1136
39,1
39,608
39,32
40,593
40,588
40,592
40,11
40,161
40,480
40,253
40,500
40,527
40,39
41,1193
41,6874
41,1198
41,7153
41,260
41,1210
41,58559
41,6377
41,527
41,858
42,1291
42,589
42,1527
42,648
42,2762
42,3147
42,2115
42,1214
42,1089
42,1240
43,339
43,780
43,150
43,377
43,736
43,368
43,2
43,296
43,39
43,349
44,1356
44,32
44,141
44,788
44,653
44,628
44,1073
44,62
44,719
44,5
45,47
45,1198
45,318
45,4878
45,8636
45,4226
45,260
45,2858
45,150
45,480
46,150
46,47
46,296
46,165
46,410
46,480
46,593
46,185
46,587
46,317
47,4306
47,1704
47,2858
47,7361
47,296
47,48516
47,3578
47,1784
47,1732
47,527
48,1214
48,589
48,1196
48,4993
48,2571
48,1198
48,364
48,1240
48,1200
48,1270
49,2959
49,296
49,7153
49,4993
49,2324
49,5952
49,58559
49,60069
49,858
49,293
50,318
50,47
50,48516
50,58559
50,527
50,364
50,1193
50,6539
50,68954
50,59315
51,1291
51,1198
51,47
51,1136
51,2571
51,2858
51,541
51,4993
51,1219
51,2716
52,79132
52,296
52,91529
52,3578
52,50
52,78499
52,6539
52,4993
52,68157
52,59315
53,318
53,260
53,1288
53,3210
53,1225
53,50
53,1210
53,1079
53,377
53,1198
54,380
54,377
54,153
54,165
54,349
54,185
54,589
54,208
54,364
54,527
55,2858
55,50
55,318
55,5418
55,6874
55,858
55,4226
55,7153
55,32
55,4993
56,590
56,150
56,588
56,434
56,110
56,296
56,253
56,377
56,300
56,592
57,1198
57,1387
57,1214
57,2762
57,110
57,1089
57,1197
57,1580
57,1610
57,1073
58,34
58,592
58,349
58,2
58,440
58,236
58,316
58,32
58,39
58,474
59,908
59,1252
59,1214
59,1233
59,1198
59,1225
59,1250
59,1262
59,1136
59,541
60,296
60,593
60,2329
60,2959
60,1213
60,260
60,6874
60,608
60,541
60,2858
61,296
61,2959
61,2571
61,858
61,260
61,2329
61,2858
61,48394
61,68157
61,1196
62,1210
62,4886
62,112852
62,50
62,72998
62,318
62,54286
62,5418
62,589
62,139385
63,318
63,356
63,260
63,68157
63,4226
63,2762
63,6377
63,593
63,1517
63,49272
64,3275
64,2571
64,2329
64,2918
64,589
64,4993
64,1198
64,1270
64,1206
64,1291
65,79132
65,5952
65,356
65,593
65,2571
65,1704
65,92259
65,3949
65,68157
65,3578
66,32
66,2762
66,1240
66,47
66,1291
66,778
66,4022
66,4993
66,593
66,858
67,527
67,593
67,7153
67,1196
67,1198
67,3578
67,4973
67,2762
67,260
67,4306
68,1210
68,1214
68,4226
68,480
68,33679
68,34405
68,1704
68,4027
68,2
68,364
69,1270
69,110
69,3578
69,318
69,7153
69,858
69,780
69,1221
69,2959
69,47
70,1208
70,356
70,1198
70,912
70,608
70,923
70,260
70,1225
70,1196
70,1207
71,32
71,141
71,805
71,628
71,786
71,112
71,661
71,653
71,719
71,637
72,480
72,380
72,377
72,150
72,2959
72,7153
72,592
72,454
72,2762
72,3578
73,81834
73,69844
73,88125
73,44191
73,6874
73,318
73,111759
73,6539
73,293
73,4886
74,296
74,1089
74,904
74,912
74,778
74,858
74,1221
74,47
74,50
74,2395
75,589
75,4993
75,110
75,1210
75,296
75,58559
75,858
75,527
75,924
75,318
76,79132
76,58559
76,2329
76,50
76,4993
76,1213
76,3578
76,3949
76,110
76,527
77,7153
77,356
77,4993
77,296
77,1291
77,1198
77,2959
77,1270
77,780
77,1
78,296
78,1210
78,527
78,1196
78,50
78,356
78,110
78,377
78,1200
78,457
79,110
79,1214
79,1036
79,608
79,1198
79,296
79,592
79,480
79,2959
79,2985
80,293
80,1198
80,318
80,3578
80,296
80,59315
80,91529
80,73017
80,260
80,47
81,590
81,150
81,318
81,153
81,595
81,349
81,593
81,292
81,454
81,185
82,4226
82,8360
82,2762
82,733
82,3114
82,318
82,2115
82,296
82,2959
82,1196
83,2571
83,6377
83,593
83,527
83,47
83,4878
83,3949
83,1196
83,4886
83,296
84,589
84,110
84,780
84,47
84,153
84,1210
84,10
84,364
84,349
84,32
85,318
85,858
85,2571
85,356
85,2396
85,778
85,608
85,21
85,457
85,1210
86,296
86,318
86,8961
86,2762
86,527
86,33166
86,858
86,593
86,6377
86,4886
87,1197
87,32
87,1198
87,1265
87,1278
87,2502
87,2858
87,31658
87,3000
87,356
88,3578
88,2571
88,356
88,593
88,1089
88,2329
88,1258
88,1704
88,33794
88,3949
89,68954
89,112852
89,6539
89,8641
89,318
89,50872
89,6377
89,6874
89,72998
89,5816
90,786
90,648
90,733
90,1356
90,95
90,736
90,802
90,661
90,6
90,653
91,296
91,2028
91,1391
91,593
91,2858
91,4022
91,648
91,1222
91,1200
91,1784
92,1210
92,356
92,7293
92,4993
92,6539
92,2011
92,1197
92,33794
92,8368
92,344
93,589
93,165
93,356
93,1210
93,457
93,587
93,208
93,349
93,588
93,595
94,356
94,150
94,349
94,527
94,454
94,500
94,595
94,539
94,316
94,592
95,1210
95,1196
95,1214
95,1136
95,589
95,1206
95,356
95,1222
95,1198
95,527
96,1196
96,260
96,1580
96,2028
96,1240
96,356
96,1270
96,3527
96,32
96,1197
97,7153
97,5952
97,318
97,2959
97,47
97,356
97,58559
97,2329
97,296
97,2762
98,2571
98,1221
98,4995
98,1198
98,4993
98,2959
98,5952
98,68954
98,47
98,1193
99,590
99,592
99,595
99,253
99,300
99,316
99,110
99,1
99,329
99,457
100,589
100,1196
100,1291
100,296
100,50
100,1704
100,1136
100,919
100,1270
100,1097
101,2858
101,260
101,1270
101,2571
101,110
101,1198
101,2355
101,541
101,1196
101,356
102,110
102,292
102,595
102,367
102,208
102,454
102,316
102,442
102,339
102,185
103,47
103,4306
103,1270
103,4011
103,4963
103,1136
103,318
103,3578
103,2115
103,1580
104,4886
104,2571
104,3793
104,1035
104,2858
104,2291
104,364
104,6377
104,1028
104,500
105,1732
105,79132
105,1193
105,296
105,593
105,50
105,3147
105,4011
105,48394
105,8368
106,4993
106,60069
106,68954
106,8368
106,88125
106,54001
106,69844
106,58559
106,50872
106,79132
107,590
107,380
107,457
107,592
107,595
107,153
107,318
107,300
107,339
107,588
108,4306
108,296
108,318
108,5952
108,356
108,4022
108,1210
108,4226
108,1136
108,2628
109,296
109,318
109,648
109,434
109,588
109,225
109,539
109,350
109,595
109,316
110,318
110,593
110,356
110,50
110,2329
110,79132
110,457
110,7153
110,58559
110,7361
111,80549
111,52973
111,3793
111,58559
111,88163
111,89745
111,64969
111,97921
111,119145
111,6333
112,318
112,296
112,1198
112,590
112,457
112,3578
112,4993
112,60069
112,589
112,1193
113,858
113,608
113,296
113,1299
113,1307
113,1221
113,21
113,1219
113,924
113,1259
114,4886
114,68954
114,356
114,50872
114,60069
114,79132
114,318
114,5952
114,58559
114,6539
115,1573
115,1210
115,2683
115,380
115,648
115,1197
115,1968
115,2918
115,1136
115,2396
116,588
116,349
116,380
116,253
116,296
116,318
116,316
116,434
116,595
116,592
117,356
117,480
117,539
117,110
117,377
117,350
117,593
117,592
117,337
117,208
118,2571
118,1210
118,593
118,1213
118,318
118,589
118,260
118,110
118,912
118,2858
119,47
119,33794
119,5989
119,60069
119,2571
119,858
119,48780
119,91529
119,79132
119,7153
120,786
120,1
120,494
120,1356
120,736
120,95
120,733
120,25
120,805
120,708
121,185
121,296
121,153
121,236
121,165
121,589
121,480
121,593
121,339
121,50
122,2858
122,47
122,296
122,293
122,858
122,1210
122,4878
122,7153
122,1198
122,3578
123,91529
123,58559
123,356
123,50
123,3578
123,74458
123,68954
123,4226
123,2028
123,1193
124,2571
124,7153
124,858
124,1198
124,527
124,5952
124,2329
124,1270
124,47
124,293
125,122904
125,47
125,5952
125,122886
125,7153
125,89745
125,8961
125,112852
125,589
125,110102
126,457
126,110
126,380
126,253
126,316
126,586
126,292
126,160
126,2
126,10
127,904
127,1198
127,2858
127,898
127,924
127,909
127,595
127,951
127,1
127,1035
128,858
128,318
128,1210
128,1214
128,2858
128,7153
128,1221
128,2571
128,1198
128,527
129,6377
129,1196
129,1210
129,356
129,51662
129,318
129,5349
129,1
129,8360
129,1580
130,590
130,185
130,457
130,356
130,231
130,480
130,10
130,318
130,50
130,288
131,593
131,858
131,2959
131,750
131,4993
131,2762
131,1213
131,527
131,1210
131,48394
132,296
132,1136
132,47
132,480
132,1291
132,2502
132,5445
132,356
132,1198
132,5989
133,165
133,349
133,10
133,292
133,588
133,161
133,21
133,39
133,208
133,316
134,457
134,318
134,150
134,349
134,356
134,110
134,153
134,292
134,165
134,480
135,356
135,1198
135,2762
135,1089
135,1270
135,2947
135,1200
135,1222
135,2115
135,1208
136,480
136,595
136,110
136,318
136,588
136,231
136,589
136,356
136,185
136,377
137,750
137,318
137,111
137,1270
137,1213
137,1387
137,1252
137,1222
137,1961
137,1086
138,3578
138,1288
138,1198
138,2858
138,595
138,32
138,4034
138,1222
138,1923
138,1197
139,79132
139,5952
139,91529
139,1196
139,7153
139,1291
139,2959
139,73017
139,2571
139,6365
140,589
140,2959
140,32
140,1136
140,32587
140,1527
140,457
140,8636
140,2628
140,2918
141,50
141,1036
141,48516
141,6539
141,8665
141,4878
141,2918
141,2329
141,2115
141,49272
142,318
142,364
142,380
142,185
142,539
142,153
142,597
142,593
142,349
142,253
143,8533
143,4306
143,68954
143,56367
143,81845
143,588
143,1088
143,73017
143,46578
143,81591
144,457
144,356
144,296
144,165
144,500
144,349
144,318
144,454
144,2
144,329
145,292
145,110
145,590
145,225
145,595
145,153
145,253
145,296
145,457
145,266
146,318
146,47
146,592
146,161
146,457
146,595
146,588
146,590
146,356
146,380
147,380
147,150
147,110
147,349
147,165
147,454
147,339
147,161
147,592
147,356
148,8961
148,356
148,59315
148,77561
148,122904
148,6539
148,4306
148,5444
148,1
148,1136
149,2571
149,1214
149,1198
149,1210
149,1291
149,1580
149,5349
149,1653
149,1356
149,2640
150,1073
150,628
150,648
150,736
150,1
150,762
150,17
150,112
150,140
150,708
151,260
151,1356
151,32
151,494
151,737
151,653
151,62
151,65
151,112
151,805
152,608
152,356
152,2858
152,79132
152,7153
152,4226
152,2571
152,1198
152,1196
152,5952
153,318
153,2571
153,2959
153,47
153,50
153,2858
153,593
153,356
153,608
153,5989
154,58559
154,91529
154,60069
154,1
154,59315
154,88125
154,4993
154,93510
154,7153
154,318
155,260
155,480
155,1196
155,318
155,296
155,2858
155,1784
155,356
155,2571
155,2916
156,541
156,2997
156,1220
156,593
156,32
156,912
156,1252
156,1200
156,608
156,1197
157,2706
157,1198
157,3219
157,2997
157,3174
157,2694
157,2858
157,2908
157,3578
157,223
158,1136
158,1270
158,260
158,3578
158,2139
158,51662
158,2858
158,2706
158,919
158,3168
159,5989
159,3147
159,1682
159,7293
159,2571
159,50872
159,3578
159,588
159,2762
159,8961
160,1653
160,4226
160,2997
160,1206
160,1136
160,2683
160,2502
160,592
160,750
160,1923
161,4306
161,745
161,4993
161,457
161,318
161,4886
161,150
161,356
161,5952
161,588
162,527
162,47
162,508
162,457
162,141
162,588
162,367
162,539
162,595
162,597
163,2028
163,318
163,356
163,527
163,1923
163,150
163,1687
163,1597
163,480
163,1616
164,2571
164,1196
164,1214
164,260
164,858
164,1291
164,110
164,1387
164,1270
164,1374
165,1291
165,2571
165,589
165,260
165,1036
165,480
165,733
165,1200
165,3578
165,1387
166,1196
166,4306
166,480
166,8961
166,589
166,1270
166,1200
166,541
166,5989
166,1527
167,4011
167,2571
167,2502
167,1
167,47
167,2329
167,7153
167,2959
167,150
167,5989
168,904
168,296
168,1193
168,913
168,527
168,1198
168,50
168,1299
168,924
168,318
169,6377
169,6539
169,50
169,589
169,3052
169,5418
169,2797
169,1517
169,3578
169,2115
170,588
170,380
170,589
170,480
170,434
170,356
170,253
170,165
170,150
170,316
171,50
171,1196
171,1136
171,296
171,6
171,356
171,1206
171,480
171,736
171,733
172,2571
172,1196
172,356
172,589
172,296
172,260
172,2959
172,7153
172,2858
172,47
173,457
173,593
173,380
173,592
173,500
173,590
173,454
173,21
173,364
173,539
174,110
174,454
174,377
174,500
174,208
174,434
174,593
174,597
174,21
174,586
175,4447
175,2144
175,5618
175,33669
175,356
175,5066
175,1136
175,1270
175,919
175,899
176,356
176,480
176,150
176,592
176,364
176,208
176,593
176,316
176,185
176,32
177,4896
177,318
177,2762
177,919
177,1196
177,45517
177,4226
177,7153
177,78499
177,60069
178,110
178,150
178,593
178,165
178,592
178,344
178,539
178,32
178,480
178,1196
179,480
179,349
179,457
179,592
179,588
179,344
179,377
179,595
179,410
179,231
180,58559
180,7153
180,5952
180,296
180,593
180,1210
180,293
180,1036
180,1291
180,109487
181,480
181,292
181,318
181,553
181,364
181,592
181,150
181,253
181,589
181,329
182,1089
182,2858
182,2502
182,1097
182,588
182,367
182,8961
182,1249
182,50
182,457
183,589
183,1610
183,1240
183,1291
183,1198
183,3578
183,1214
183,356
183,527
183,1221
184,68954
184,122904
184,60069
184,318
184,115617
184,116797
184,108932
184,33794
184,7153
184,1198
185,2571
185,1196
185,296
185,608
185,589
185,6539
185,593
185,150
185,2028
185,2858
186,2028
186,1210
186,541
186,32
186,1270
186,356
186,858
186,296
186,1376
186,50
187,4993
187,858
187,293
187,1210
187,541
187,33794
187,318
187,1193
187,1197
187,2762
188,1136
188,858
188,1
188,457
188,1097
188,1208
188,910
188,908
188,1234
188,1204
189,58559
189,593
189,92259
189,1704
189,48394
189,68157
189,4306
189,116797
189,60069
189,1198
190,356
190,2959
190,4886
190,4226
190,296
190,48394
190,8360
190,60069
190,3996
190,2858
191,296
191,593
191,527
191,457
191,349
191,780
191,590
191,356
191,153
191,648
192,457
192,161
192,208
192,165
192,153
192,593
192,592
192,434
192,344
192,588
193,2762
193,4993
193,2571
193,608
193,2329
193,58559
193,541
193,5952
193,1196
193,1210
194,555
194,2028
194,2791
194,356
194,16
194,377
194,318
194,1233
194,594
194,2699
195,858
195,2571
195,2959
195,47
195,1221
195,2683
195,4226
195,356
195,1391
195,1136
196,260
196,1196
196,7153
196,58559
196,1210
196,110
196,2571
196,318
196,1291
196,589
197,1196
197,2858
197,260
197,593
197,1291
197,356
197,2762
197,4993
197,5952
197,110
198,2571
198,858
198,32
198,2716
198,50
198,2858
198,1196
198,1610
198,1222
198,1210
199,1208
199,1270
199,2947
199,1221
199,1193
199,924
199,1291
199,1
199,2797
199,296
200,44191
200,6377
200,3996
200,364
200,40815
200,5952
200,48516
200,5218
200,2858
200,595
201,1097
201,2571
201,1527
201,356
201,1265
201,2628
201,110
201,1198
201,316
201,357
202,356
202,1193
202,904
202,2804
202,908
202,1127
202,1222
202,2028
202,50
202,750
203,79132
203,2959
203,58559
203,356
203,6874
203,68954
203,4226
203,4878
203,76093
203,44191
204,7153
204,318
204,3949
204,2959
204,356
204,1210
204,50
204,74458
204,6377
204,2858
205,8368
205,50872
205,68954
205,60069
205,4993
205,8961
205,76093
205,4306
205,72998
205,6377
206,736
206,1
206,141
206,376
206,52
206,628
206,708
206,6
206,494
206,17
207,1210
207,2683
207,2762
207,50
207,1198
207,1214
207,593
207,3578
207,1221
207,480
208,2858
208,1270
208,2571
208,3578
208,1580
208,377
208,457
208,1200
208,1196
208,858
209,2571
209,79132
209,5952
209,296
209,527
209,6016
209,3949
209,58559
209,1193
209,2329
210,68954
210,58559
210,60069
210,91529
210,2571
210,8368
210,89745
210,4886
210,33794
210,356
211,1196
211,7153
211,318
211,1291
211,48516
211,4993
211,5418
211,1
211,4878
211,2329
212,58559
212,79132
212,91529
212,1270
212,356
212,2571
212,5989
212,48780
212,33493
212,4878
213,318
213,1240
213,260
213,8961
213,296
213,68954
213,79132
213,2028
213,7153
213,1214
214,95
214,780
214,786
214,260
214,32
214,494
214,112
214,7
214,141
214,653
215,2571
215,50
215,47
215,2329
215,3949
215,48394
215,1193
215,293
215,858
215,4011
216,1136
216,904
216,858
216,1234
216,1252
216,608
216,2396
216,457
216,908
216,541
217,356
217,1197
217,1374
217,1208
217,1500
217,2858
217,2105
217,1206
217,589
217,1784
218,318
218,2762
218,32
218,356
218,2329
218,4011
218,4306
218,8961
218,3147
218,4896
219,356
219,2502
219,2918
219,4993
219,2959
219,527
219,3793
219,2329
219,4963
219,3275
220,7153
220,4886
220,858
220,4993
220,4878
220,1527
220,110
220,3052
220,3578
220,1210
221,1221
221,1097
221,1262
221,1214
221,260
221,1
221,903
221,1148
221,1248
221,1222
222,48516
222,7153
222,5952
222,109487
222,1210
222,356
222,260
222,4011
222,1968
222,32
223,2571
223,4306
223,356
223,50
223,47
223,2858
223,4011
223,1196
223,49272
223,6333
224,2918
224,589
224,1196
224,296
224,1197
224,1517
224,1
224,1265
224,480
224,1240
225,1968
225,1210
225,260
225,1240
225,589
225,2918
225,1291
225,2115
225,1097
225,2028
226,7153
226,32587
226,4226
226,593
226,588
226,527
226,541
226,3793
226,8784
226,6333
227,2571
227,2329
227,6016
227,3578
227,293
227,3949
227,50
227,48516
227,5418
227,4878
228,296
228,589
228,593
228,5952
228,1210
228,356
228,2858
228,1198
228,58559
228,4993
229,480
229,292
229,161
229,508
229,434
229,595
229,39
229,780
229,350
229,185
230,4226
230,2571
230,4993
230,4306
230,480
230,318
230,1196
230,8665
230,6333
230,260
231,1210
231,110
231,7153
231,3578
231,4993
231,318
231,60069
231,68954
231,293
231,8961
232,33794
232,4878
232,480
232,50
232,595
232,2959
232,1527
232,6333
232,589
232,1213
233,356
233,3578
233,79132
233,4993
233,593
233,48516
233,1704
233,58559
233,260
233,4886
234,1291
234,1265
234,1580
234,1197
234,1240
234,780
234,480
234,1270
234,1198
234,1
235,377
235,165
235,253
235,236
235,292
235,288
235,597
235,587
235,185
235,367
236,2571
236,2599
236,2700
236,2762
236,1198
236,2959
236,1206
236,3147
236,1073
236,1197
237,47
237,1196
237,356
237,593
237,318
237,33794
237,364
237,1682
237,7153
237,4993
238,527
238,356
238,1214
238,608
238,858
238,1387
238,260
238,1196
238,2028
238,912
239,4226
239,7361
239,1210
239,296
239,1704
239,3578
239,1270
239,589
239,1291
239,49272
240,318
240,457
240,356
240,339
240,150
240,597
240,587
240,350
240,10
240,435
241,2959
241,79132
241,1193
241,2329
241,356
241,48394
241,7153
241,608
241,5952
241,1704
242,356
242,150
242,110
242,364
242,296
242,480
242,165
242,288
242,185
242,344
243,296
243,590
243,480
243,367
243,457
243,344
243,377
243,150
243,329
243,316
244,1291
244,1240
244,1197
244,1210
244,480
244,1220
244,1198
244,1387
244,1214
244,260
245,1
245,318
245,1197
245,4306
245,1580
245,260
245,50
245,2762
245,904
245,1777
246,58559
246,1291
246,2329
246,7361
246,2858
246,59315
246,33794
246,4306
246,608
246,2997
247,2959
247,4993
247,858
247,7153
247,2329
247,1210
247,33794
247,5952
247,8961
247,51255
248,5952
248,68954
248,589
248,91529
248,4993
248,7153
248,110
248,3578
248,1200
248,33794
249,3578
249,5952
249,260
249,5445
249,356
249,593
249,1089
249,59315
249,91529
249,1676
250,6377
250,903
250,527
250,1
250,50
250,858
250,1148
250,1206
250,587
250,356
251,50
251,2324
251,110
251,2329
251,608
251,79132
251,7153
251,48394
251,1203
251,2028
252,60069
252,68954
252,356
252,116797
252,4306
252,109487
252,260
252,44191
252,112852
252,59315
253,2858
253,318
253,2959
253,1206
253,1258
253,2762
253,50
253,2692
253,1136
253,6711
254,1198
254,1193
254,1197
254,778
254,1291
254,2115
254,1221
254,1
254,68157
254,58559
255,260
255,3578
255,1270
255,356
255,2396
255,1196
255,296
255,1968
255,1197
255,2571
256,68954
256,8961
256,7153
256,58559
256,356
256,60069
256,33794
256,47
256,858
256,4896
257,589
257,480
257,1073
257,1517
257,553
257,356
257,1197
257,1278
257,110
257,780
258,79132
258,356
258,6377
258,2324
258,5952
258,4993
258,74458
258,54286
258,1704
258,91529
259,356
259,318
259,2858
259,2571
259,1580
259,5445
259,5349
259,3578
259,4022
259,2762
260,318
260,608
260,7361
260,593
260,527
260,858
260,1221
260,1136
260,3160
260,1466
261,47
261,593
261,2959
261,293
261,4226
261,4306
261,68157
261,2762
261,48394
261,110
262,150
262,527
262,32
262,590
262,648
262,457
262,589
262,592
262,153
262,357
263,260
263,2959
263,858
263,356
263,1704
263,47
263,2762
263,778
263,3578
263,1221
264,292
264,2
264,357
264,380
264,165
264,457
264,595
264,296
264,590
264,318
265,1200
265,589
265,1196
265,1214
265,924
265,1291
265,1356
265,1265
265,1387
265,1210
266,858
266,1221
266,480
266,1073
266,1387
266,380
266,47
266,2502
266,1214
266,1222
267,296
267,2571
267,480
267,1580
267,1214
267,1198
267,356
267,1259
267,780
267,1374
268,1136
268,1198
268,296
268,1089
268,858
268,1247
268,1208
268,1265
268,608
268,1196
269,141
269,628
269,1356
269,653
269,608
269,6
269,376
269,788
269,736
269,140
270,95
270,1
270,7
270,62
270,805
270,802
270,661
270,260
270,852
270,707
271,2571
271,1210
271,589
271,1240
271,1584
271,1196
271,260
271,356
271,1374
271,1198
272,79132
272,91529
272,2028
272,4886
272,356
272,2959
272,68157
272,260
272,296
272,1198
273,380
273,527
273,161
273,356
273,110
273,300
273,350
273,288
273,349
273,434
274,4226
274,8636
274,7153
274,1196
274,588
274,32587
274,2329
274,7361
274,1097
274,8874
275,1208
275,1221
275,1198
275,1263
275,1214
275,2762
275,1244
275,930
275,1172
275,2858
276,1
276,788
276,786
276,1073
276,480
276,588
276,653
276,95
276,32
276,1356
277,141
277,494
277,802
277,805
277,32
277,628
277,1393
277,648
277,1405
277,661
278,296
278,593
278,356
278,110
278,590
278,150
278,300
278,165
278,47
278,231
279,68954
279,1198
279,109487
279,51255
279,47
279,112852
279,6539
279,4011
279,6502
279,60069
280,2959
280,33794
280,588
280,47
280,2918
280,46578
280,3489
280,356
280,2571
280,1198
281,318
281,2959
281,296
281,48516
281,7361
281,2502
281,55765
281,1222
281,4878
281,4993
282,47
282,858
282,4011
282,1196
282,33794
282,48516
282,260
282,4878
282,1580
282,7153
283,356
283,590
283,457
283,316
283,380
283,339
283,454
283,47
283,296
283,434
284,364
284,161
284,153
284,349
284,165
284,292
284,253
284,34
284,454
284,368
285,608
285,750
285,1213
285,593
285,318
285,2858
285,50
285,1208
285,260
285,908
286,318
286,2571
286,4226
286,2858
286,858
286,648
286,296
286,4993
286,32
286,2762
287,7361
287,296
287,1073
287,1288
287,1089
287,111
287,3481
287,778
287,47
287,1196
288,858
288,1208
288,2997
288,1
288,1221
288,527
288,780
288,2529
288,50
288,1517
289,593
289,318
289,1213
289,260
289,1304
289,296
289,7153
289,5952
289,50
289,3949
290,593
290,2997
290,1247
290,1200
290,2571
290,1220
290,920
290,32
290,1089
290,2028
291,4896
291,8368
291,356
291,260
291,5952
291,318
291,4886
291,8961
291,6377
291,109487
292,1196
292,8636
292,6539
292,2571
292,47
292,7143
292,1580
292,4011
292,3793
292,8961
293,150
293,380
293,595
293,296
293,253
293,110
293,588
293,480
293,32
293,590
294,2804
294,1265
294,2028
294,1210
294,1198
294,380
294,589
294,1
294,480
294,2571
295,593
295,2571
295,356
295,47
295,5952
295,4993
295,79132
295,608
295,110
295,858
296,2571
296,593
296,47
296,7153
296,6377
296,5952
296,293
296,78499
296,1089
296,3147
297,296
297,457
297,474
297,356
297,110
297,318
297,527
297,165
297,6
297,10
298,318
298,48516
298,51255
298,70286
298,71535
298,7438
298,1682
298,6502
298,2762
298,2329
299,480
299,4011
299,2571
299,2028
299,589
299,110
299,47
299,3703
299,1291
299,2273
300,296
300,5952
300,1193
300,608
300,858
300,47
300,50
300,7153
300,58559
300,4993
301,318
301,150
301,47
301,2959
301,380
301,7153
301,260
301,7438
301,34
301,32
302,1073
302,733
302,58
302,112
302,52
302,7
302,376
302,6
302,1356
302,593
303,260
303,3793
303,1198
303,1036
303,541
303,1206
303,2115
303,356
303,2028
303,3578
304,356
304,6
304,50
304,858
304,364
304,1136
304,1221
304,1206
304,592
304,1127
305,1213
305,7153
305,2959
305,6539
305,78499
305,86332
305,89745
305,4886
305,1
305,1527
306,79132
306,74458
306,69122
306,1
306,59315
306,60069
306,53125
306,356
306,91529
306,99114
307,2502
307,858
307,1136
307,4878
307,32
307,5952
307,1196
307,3481
307,3897
307,4239
308,69844
308,88125
308,58559
308,4896
308,81834
308,122904
308,59315
308,6377
308,33794
308,4306
309,1208
309,1136
309,858
309,608
309,2959
309,1193
309,1214
309,541
309,1198
309,1233
310,4993
310,1136
310,5952
310,1196
310,1197
310,4886
310,457
310,7147
310,2762
310,318
311,2571
311,2683
311,4306
311,296
311,1270
311,593
311,2959
311,4995
311,318
311,5445
312,1653
312,1270
312,1196
312,1198
312,1527
312,47
312,296
312,1580
312,1097
312,1221
313,1206
313,1214
313,2502
313,1270
313,2918
313,551
313,1
313,1387
313,1265
313,1089
314,150
314,589
314,590
314,454
314,11
314,300
314,648
314,296
314,235
314,253
315,904
315,527
315,903
315,1193
315,2858
315,858
315,919
315,913
315,260
315,908
316,2959
316,2762
316,1136
316,588
316,6377
316,3052
316,589
316,4226
316,296
316,1968
317,2329
317,48780
317,2959
317,6377
317,858
317,4878
317,4226
317,5989
317,1682
317,1196
318,858
318,47
318,79132
318,778
318,48780
318,50
318,589
318,1704
318,7438
318,1201
319,356
319,68954
319,2028
319,116797
319,5952
319,5989
319,3578
319,44191
319,4993
319,7153
320,2571
320,58559
320,91529
320,7153
320,4993
320,81834
320,1704
320,5952
320,60069
320,79132
321,457
321,590
321,185
321,292
321,597
321,39
321,110
321,318
321,329
321,34
322,6377
322,7153
322,527
322,2329
322,2028
322,47
322,593
322,4993
322,7361
322,49272
323,590
323,165
323,589
323,539
323,480
323,593
323,47
323,595
323,592
323,349
324,260
324,296
324,1221
324,3481
324,6
324,778
324,1213
324,608
324,48516
324,2959
325,296
325,2571
325,1206
325,1136
325,2997
325,912
325,750
325,1
325,1214
325,908
326,356
326,296
326,1704
326,4306
326,2762
326,48394
326,858
326,109487
326,106782
326,6874
327,296
327,2959
327,593
327,79132
327,58559
327,2858
327,47
327,6016
327,1136
327,608
328,50
328,58559
328,6377
328,60069
328,593
328,7153
328,1089
328,3578
328,4886
328,4226
329,296
329,608
329,2858
329,858
329,1208
329,2959
329,47
329,1089
329,1213
329,6874
330,2115
330,1210
330,1704
330,6
330,1240
330,6874
330,1291
330,2959
330,527
330,8636
331,356
331,2571
331,44191
331,1704
331,260
331,33794
331,4896
331,1193
331,74458
331,4963
332,2571
332,858
332,50
332,48516
332,7153
332,6333
332,5349
332,6377
332,3052
332,1222
333,1387
333,3555
333,1198
333,858
333,3793
333,2571
333,3499
333,1961
333,2028
333,4306
334,593
334,318
334,4011
334,50
334,47
334,150
334,2502
334,2858
334,2329
334,33794
335,47
335,457
335,590
335,527
335,32
335,150
335,480
335,165
335,21
335,288
336,79132
336,4226
336,5952
336,4993
336,92259
336,106782
336,74458
336,1682
336,6377
336,4306
337,805
337,1073
337,260
337,140
337,736
337,708
337,608
337,802
337,1405
337,1367
338,356
338,47
338,2959
338,590
338,2329
338,778
338,6016
338,260
338,110
338,592
339,2571
339,2329
339,1089
339,1704
339,91529
339,293
339,5989
339,44191
339,1258
339,6874
340,380
340,588
340,539
340,434
340,300
340,339
340,225
340,589
340,317
340,39
341,2571
341,1210
341,4306
341,68954
341,260
341,4886
341,3114
341,7153
341,8529
341,8961
342,223
342,2490
342,2997
342,260
342,1197
342,2694
342,2716
342,1210
342,1193
342,1127
343,296
343,3949
343,293
343,6874
343,356
343,47
343,2959
343,2762
343,7361
343,1210
344,260
344,5989
344,47
344,1196
344,1198
344,49272
344,2028
344,589
344,6377
344,5952
345,924
345,1200
345,2455
345,3421
345,1225
345,1517
345,2641
345,1320
345,1196
345,1210
346,4226
346,318
346,3996
346,858
346,2571
346,608
346,111
346,1199
346,2692
346,1136
347,150
347,161
347,296
347,339
347,208
347,349
347,253
347,364
347,344
347,367
348,47
348,2571
348,111
348,1193
348,2959
348,1221
348,356
348,58559
348,1089
348,1198
349,590
349,150
349,527
349,457
349,480
349,318
349,153
349,110
349,474
349,595
350,780
350,786
350,653
350,648
350,62
350,628
350,5
350,733
350,737
350,762
351,318
351,2571
351,2858
351,74458
351,4973
351,3578
351,4226
351,2329
351,1089
351,4306
352,58559
352,47
352,3578
352,1270
352,1732
352,260
352,858
352,89745
352,1193
352,48516
353,380
353,161
353,344
353,480
353,253
353,150
353,588
353,208
353,356
353,589
354,1196
354,8360
354,4022
354,4011
354,7153
354,4226
354,6377
354,7438
354,6333
354,3147
355,260
355,356
355,2028
355,2
355,1356
355,648
355,1196
355,2161
355,380
355,2054
356,47
356,1196
356,4993
356,260
356,1580
356,2858
356,6377
356,2329
356,51662
356,4306
357,2571
357,593
357,1968
357,3793
357,47
357,8874
357,4993
357,48394
357,2011
357,44191
358,6942
358,356
358,588
358,4306
358,69122
358,6539
358,58559
358,4447
358,1307
358,106696
359,356
359,260
359,318
359,3578
359,32
359,110
359,2959
359,3949
359,2762
359,3114
360,1676
360,589
360,377
360,356
360,648
360,1784
360,480
360,1210
360,1704
360,1089
361,4306
361,2571
361,356
361,480
361,1270
361,51662
361,6377
361,7153
361,364
361,1527
362,7153
362,2858
362,58559
362,3949
362,2762
362,4226
362,4011
362,778
362,4878
362,293
363,356
363,593
363,58559
363,527
363,589
363,608
363,2959
363,1210
363,3147
363,2858
364,788
364,653
364,62
364,733
364,5
364,832
364,7
364,112
364,17
364,648
365,44191
365,1198
365,58559
365,69844
365,2571
365,8368
365,47
365,40815
365,60069
365,7153
366,318
366,5952
366,79132
366,91529
366,2571
366,2959
366,527
366,4226
366,1198
366,33794
367,296
367,1193
367,588
367,1221
367,1197
367,1213
367,589
367,1247
367,1208
367,1089
368,1036
368,1196
368,541
368,1221
368,1136
368,1198
368,1968
368,1265
368,1210
368,1
369,50
369,296
369,589
369,2571
369,592
369,1270
369,858
369,1198
369,608
369,1527
370,318
370,356
370,858
370,5349
370,3147
370,593
370,1196
370,32
370,6333
370,1206
371,2329
371,6874
371,5952
371,4878
371,356
371,6377
371,33794
371,1291
371,1089
371,3052
372,110
372,608
372,318
372,1208
372,1198
372,1079
372,246
372,1242
372,1097
372,32
373,527
373,380
373,454
373,595
373,357
373,597
373,349
373,161
373,165
373,110
374,590
374,150
374,165
374,457
374,434
374,292
374,253
374,339
374,185
374,225
375,2959
375,2858
375,2571
375,4993
375,527
375,150
375,7153
375,480
375,593
375,2762
376,2329
376,318
376,6333
376,5349
376,1196
376,2858
376,50
376,4878
376,4011
376,47
377,32
377,1196
377,1222
377,1258
377,2762
377,1394
377,593
377,608
377,589
377,1213
378,7153
378,50
378,356
378,74458
378,68157
378,3578
378,2571
378,4878
378,3147
378,47
379,454
379,588
379,329
379,593
379,300
379,595
379,47
379,367
379,10
379,2
380,589
380,2858
380,1682
380,51662
380,3275
380,32587
380,4963
380,59315
380,50872
380,70286
381,58559
381,32587
381,150
381,4306
381,5989
381,6365
381,4993
381,8874
381,59315
381,2502
382,356
382,68954
382,87232
382,4306
382,88125
382,72998
382,2571
382,1291
382,91500
382,4963
383,527
383,318
383,593
383,858
383,1097
383,2571
383,110
383,1
383,296
383,608
384,2700
384,1197
384,785
384,2571
384,4993
384,1270
384,2329
384,1196
384,1073
384,32
385,541
385,474
385,733
385,260
385,527
385,1242
385,357
385,1374
385,32
385,1214
386,590
386,527
386,150
386,589
386,364
386,165
386,592
386,356
386,454
386,367
387,1198
387,1387
387,589
387,2571
387,2959
387,1240
387,608
387,7153
387,3362
387,2420
388,8961
388,4886
388,6539
388,318
388,356
388,50872
388,3114
388,1
388,2571
388,364
389,32
389,786
389,736
389,260
389,1073
389,36
389,376
389,7
389,1393
389,737
390,296
390,7153
390,318
390,356
390,2324
390,2858
390,4993
390,50
390,6539
390,4306
391,1136
391,1265
391,1197
391,3481
391,1394
391,1387
391,1198
391,1784
391,2918
391,356
392,2959
392,2490
392,296
392,1210
392,858
392,223
392,2706
392,785
392,2762
392,2571
393,858
393,296
393,49530
393,50
393,7438
393,356
393,47
393,593
393,48780
393,68954
394,292
394,349
394,161
394,253
394,318
394,288
394,165
394,296
394,434
394,364
395,318
395,434
395,292
395,110
395,185
395,153
395,150
395,587
395,457
395,344
396,296
396,356
396,47
396,2571
396,7153
396,593
396,79132
396,2028
396,3147
396,260
397,2858
397,858
397,908
397,1617
397,912
397,608
397,1136
397,1208
397,1207
397,904
398,2571
398,59315
398,4995
398,318
398,750
398,2959
398,8961
398,48394
398,4993
398,356
399,4993
399,5952
399,58559
399,110
399,318
399,47
399,858
399,50
399,4226
399,150
400,318
400,5952
400,2762
400,4306
400,47
400,110
400,589
400,1193
400,8961
400,50
401,1197
401,4896
401,8368
401,40815
401,2571
401,46578
401,54001
401,109487
401,5618
401,4963
402,356
402,318
402,110
402,150
402,590
402,292
402,161
402,153
402,208
402,253
403,318
403,50
403,2959
403,2571
403,1089
403,593
403,1221
403,356
403,6874
403,858
404,150
404,377
404,300
404,592
404,161
404,165
404,434
404,500
404,2
404,208
405,608
405,47
405,2571
405,1136
405,50
405,778
405,356
405,2858
405,7361
405,5952
406,356
406,480
406,595
406,1
406,527
406,500
406,1580
406,63992
406,588
406,590
407,318
407,79132
407,1210
407,3578
407,1198
407,296
407,1036
407,2959
407,91529
407,109487
408,5952
408,6874
408,91529
408,4011
408,296
408,2959
408,2329
408,2028
408,293
408,4226
409,904
409,1214
409,1208
409,913
409,1
409,1288
409,1198
409,47
409,1079
409,50
410,608
410,858
410,1136
410,1213
410,1089
410,1179
410,910
410,800
410,1304
410,2692
411,590
411,527
411,50
411,165
411,595
411,356
411,410
411,318
411,588
411,47
412,1198
412,1204
412,1304
412,750
412,1208
412,1193
412,1196
412,908
412,1179
412,923
413,356
413,2571
413,2028
413,47
413,1089
413,110
413,858
413,79132
413,6
413,1784
414,4993
414,2115
414,1089
414,7143
414,1377
414,293
414,4896
414,924
414,5989
414,3481
415,1089
415,48394
415,5952
415,7153
415,260
415,527
415,3949
415,1196
415,4993
415,1704
416,50
416,593
416,2329
416,4226
416,1136
416,1193
416,1208
416,7153
416,1704
416,48394
417,608
417,116797
417,91529
417,4886
417,50
417,54286
417,48516
417,48780
417,1196
417,260
418,47
418,58559
418,2329
418,2571
418,48394
418,1213
418,68157
418,4886
418,48780
418,68954
419,4306
419,2858
419,7153
419,48516
419,648
419,5349
419,5989
419,6874
419,4993
419,1196
420,2571
420,858
420,4226
420,6874
420,47
420,4306
420,50
420,778
420,33794
420,593
421,2959
421,296
421,50
421,858
421,2329
421,356
421,1198
421,260
421,750
421,7361
422,858
422,1198
422,908
422,1287
422,527
422,608
422,750
422,1136
422,1204
422,1221
423,590
423,592
423,47
423,588
423,161
423,316
423,339
423,595
423,377
423,527
424,356
424,318
424,2959
424,1193
424,260
424,1732
424,4306
424,7361
424,2858
424,2329
425,1196
425,593
425,4878
425,1580
425,1704
425,1917
425,1270
425,51662
425,6365
425,5989
426,6539
426,4963
426,4993
426,7153
426,79132
426,2571
426,5618
426,5418
426,76093
426,260
427,356
427,4306
427,318
427,32
427,1653
427,6377
427,1961
427,8961
427,1200
427,7361
428,4226
428,47
428,32
428,2502
428,2858
428,4011
428,3275
428,5418
428,1270
428,858
429,292
429,344
429,110
429,153
429,349
429,457
429,253
429,318
429,300
429,1
430,1210
430,3578
430,260
430,7153
430,110
430,2628
430,2706
430,593
430,4973
430,4993
431,1252
431,2571
431,1610
431,1288
431,2716
431,1136
431,904
431,2918
431,1090
431,2858
432,2329
432,6874
432,7153
432,1222
432,33794
432,32
432,608
432,2959
432,4011
432,1682
433,356
433,1704
433,2571
433,68157
433,7153
433,5952
433,3949
433,2858
433,1221
433,4226
434,50
434,32
434,318
434,296
434,1198
434,260
434,2762
434,589
434,2028
434,8961
435,68157
435,2329
435,4993
435,296
435,5952
435,593
435,91529
435,356
435,8961
435,1089
436,590
436,253
436,329
436,161
436,208
436,153
436,592
436,110
436,457
436,160
437,300
437,25
437,457
437,296
437,50
437,21
437,380
437,592
437,593
437,34
438,858
438,1196
438,1291
438,1923
438,6365
438,47
438,3253
438,2329
438,296
438,4878
439,2959
439,58559
439,2571
439,356
439,79132
439,5952
439,109487
439,68954
439,44191
439,1200
440,2571
440,260
440,5952
440,608
440,1196
440,1200
440,1089
440,1175
440,1584
440,150
441,1210
441,356
441,1291
441,5952
441,1270
441,318
441,3578
441,109487
441,68954
441,110
442,318
442,356
442,48
442,588
442,185
442,457
442,595
442,596
442,34
442,783
443,527
443,2571
443,92259
443,2329
443,1198
443,4226
443,68954
443,4878
443,858
443,3578
444,150
444,457
444,590
444,318
444,592
444,32
444,377
444,539
444,440
444,480
445,1193
445,58559
445,318
445,858
445,4226
445,2858
445,2329
445,50
445,1196
445,3949
446,590
446,588
446,480
446,161
446,110
446,21
446,500
446,11
446,440
446,367
447,161
447,480
447,165
447,380
447,367
447,208
447,587
447,153
447,185
447,527
448,58559
448,1291
448,7153
448,1732
448,50
448,2571
448,318
448,480
448,293
448,5952
449,296
449,2571
449,356
449,2028
449,47
449,7153
449,593
449,6377
449,1221
449,858
450,2571
450,1196
450,3578
450,608
450,1721
450,858
450,593
450,318
450,1214
450,1291
451,780
451,1356
451,36
451,736
451,58
451,141
451,6
451,628
451,62
451,14
452,32
452,858
452,296
452,2571
452,592
452,1127
452,110
452,2997
452,1208
452,293
453,32
453,4306
453,7361
453,3793
453,356
453,6377
453,590
453,1214
453,2028
453,1527
454,608
454,50
454,4973
454,2959
454,1193
454,6711
454,1222
454,47
454,2571
454,356
455,356
455,364
455,208
455,153
455,349
455,597
455,185
455,160
455,39
455,586
456,95
456,1356
456,1073
456,494
456,648
456,112
456,62
456,637
456,805
456,104
457,1210
457,589
457,2396
457,2571
457,1240
457,1196
457,1197
457,2683
457,2028
457,318
458,590
458,587
458,588
458,253
458,288
458,648
458,34
458,317
458,318
458,780
459,40815
459,318
459,4993
459,5952
459,60069
459,81834
459,2571
459,54001
459,76093
459,5989
460,68954
460,2959
460,4896
460,1197
460,588
460,1198
460,109487
460,50872
460,54286
460,59315
461,296
461,2959
461,593
461,110
461,47
461,79132
461,2324
461,150
461,50
461,7153
462,858
462,1193
462,913
462,1299
462,1197
462,50
462,2918
462,912
462,593
462,1945
463,318
463,2959
463,2571
463,593
463,2324
463,858
463,1704
463,4022
463,47
463,8961
464,356
464,4993
464,260
464,50
464,4306
464,1721
464,457
464,4878
464,6333
464,49272
465,858
465,2858
465,1304
465,923
465,1136
465,527
465,296
465,50
465,593
465,913
466,1198
466,34405
466,3578
466,6365
466,4886
466,1291
466,293
466,51255
466,44665
466,70286
467,457
467,589
467,1580
467,527
467,110
467,1242
467,2571
467,1210
467,733
467,318
468,457
468,593
468,318
468,316
468,339
468,329
468,454
468,356
468,50
468,480
469,1196
469,1265
469,1288
469,1197
469,1193
469,1210
469,912
469,356
469,1954
469,923
470,457
470,161
470,356
470,592
470,593
470,300
470,317
470,329
470,539
470,11
471,318
471,1704
471,4886
471,2028
471,4993
471,4306
471,68954
471,7153
471,5618
471,3578
472,2959
472,2329
472,593
472,7153
472,1213
472,79132
472,3578
472,2571
472,50
472,296
473,2858
473,2571
473,4973
473,79132
473,2028
473,356
473,50
473,6377
473,296
473,4011
474,2959
474,1210
474,5952
474,953
474,111
474,2804
474,1196
474,32587
474,1028
474,46578
475,260
475,68954
475,4306
475,2571
475,60069
475,49272
475,356
475,45499
475,111759
475,79132
476,589
476,454
476,292
476,165
476,316
476,597
476,508
476,780
476,593
476,648
477,1291
477,4878
477,2959
477,4011
477,5418
477,8636
477,1073
477,4262
477,3578
477,4886
478,150
478,39
478,593
478,6539
478,590
478,648
478,587
478,380
478,4022
478,586
479,32
479,356
479,296
479,1136
479,2571
479,2797
479,608
479,1206
479,2804
479,1387
480,6874
480,318
480,356
480,5349
480,3578
480,6539
480,1
480,1036
480,5445
480,41566
481,1608
481,1625
481,1721
481,1616
481,608
481,50
481,356
481,2028
481,904
481,1784
482,5349
482,6333
482,356
482,2571
482,6539
482,1210
482,3793
482,1196
482,1580
482,2502
483,33794
483,1527
483,588
483,4011
483,260
483,1198
483,48394
483,40815
483,593
483,8368
484,47
484,2918
484,5989
484,441
484,1291
484,6539
484,1270
484,4993
484,4878
484,1198
485,349
485,480
485,316
485,296
485,165
485,47
485,454
485,153
485,339
485,344
486,296
486,590
486,377
486,364
486,161
486,648
486,253
486,500
486,185
486,454
487,3578
487,4226
487,1089
487,2329
487,48394
487,50
487,4306
487,6377
487,48516
487,58559
488,356
488,2571
488,527
488,6377
488,296
488,4226
488,2959
488,1196
488,110
488,48394
489,1270
489,7438
489,50
489,1196
489,318
489,46578
489,1210
489,356
489,858
489,593
490,296
490,593
490,318
490,1193
490,1732
490,2858
490,79132
490,55820
490,260
490,608
491,68954
491,8368
491,60069
491,72998
491,8961
491,77561
491,7153
491,6377
491,4993
491,260
492,780
492,733
492,95
492,736
492,832
492,608
492,17
492,135
492,25
492,785
493,1196
493,1240
493,1210
493,1036
493,1580
493,110
493,2115
493,1610
493,2858
493,527
494,1198
494,58559
494,296
494,1200
494,527
494,109487
494,50
494,1387
494,318
494,7153
495,50
495,593
495,91529
495,608
495,47
495,293
495,589
495,6874
495,4011
495,2571
496,2571
496,296
496,318
496,1196
496,260
496,2959
496,5952
496,48516
496,3578
496,593
497,296
497,318
497,356
497,47
497,6016
497,4878
497,1221
497,527
497,63082
497,4226
498,161
498,595
498,592
498,329
498,367
498,593
498,288
498,589
498,165
498,253
499,318
499,858
499,50
499,1198
499,356
499,1089
499,608
499,1197
499,1213
499,1208
500,589
500,1196
500,2396
500,2762
500,2918
500,1240
500,2700
500,1210
500,1573
500,1136
501,1356
501,1
501,1073
501,786
501,6
501,733
501,788
501,25
501,648
501,802
502,750
502,5952
502,904
502,1
502,1198
502,2762
502,296
502,1387
502,1197
502,260
503,593
503,318
503,2329
503,50
503,356
503,47
503,1258
503,58559
503,589
503,111
504,318
504,2571
504,527
504,8961
504,150
504,356
504,4963
504,1704
504,4896
504,2858
505,296
505,8874
505,1089
505,2502
505,5618
505,2571
505,1214
505,7438
505,1206
505,778
506,6539
506,58559
506,69757
506,4878
506,68954
506,81845
506,5989
506,46578
506,79132
506,1
507,480
507,161
507,592
507,153
507,185
507,380
507,454
507,292
507,344
507,318
508,1136
508,1270
508,527
508,111
508,1584
508,32
508,2502
508,750
508,593
508,5952
509,58559
509,1136
509,69844
509,364
509,356
509,72998
509,71535
509,47
509,111759
509,595
510,858
510,541
510,1097
510,589
510,296
510,1136
510,919
510,904
510,1214
510,1270
511,5952
511,2959
511,116797
511,356
511,59315
511,60069
511,2028
511,3578
511,68157
511,1704
512,592
512,589
512,364
512,339
512,153
512,587
512,595
512,440
512,780
512,296
513,2571
513,1196
513,356
513,1270
513,318
513,1198
513,3949
513,2762
513,50
513,293
514,1073
514,356
514,110
514,1206
514,858
514,318
514,1732
514,2502
514,2640
514,50
515,4993
515,527
515,5952
515,7153
515,3578
515,2571
515,68954
515,68358
515,110
515,2028
516,589
516,924
516,110
516,296
516,593
516,2706
516,10
516,1196
516,356
516,150
517,588
517,1073
517,5445
517,1197
517,1198
517,1961
517,899
517,5989
517,5349
517,2959
518,318
518,296
518,1
518,3114
518,4306
518,2571
518,50
518,356
518,3408
518,4034
519,356
519,296
519,4022
519,2571
519,51662
519,2959
519,35836
519,3147
519,4993
519,6539
520,1196
520,318
520,47
520,4226
520,7153
520,6333
520,364
520,2762
520,6377
520,1
521,36
521,95
521,141
521,1356
521,5
521,17
521,494
521,62
521,1
521,376
522,1270
522,33794
522,4886
522,60069
522,47
522,1527
522,48780
522,608
522,4306
522,150
523,79132
523,2571
523,7153
523,4306
523,4886
523,6874
523,3578
523,68954
523,6377
523,8961
524,150
524,590
524,296
524,356
524,595
524,2
524,292
524,266
524,364
524,231
525,2959
525,7361
525,5445
525,1198
525,5349
525,4973
525,7153
525,4306
525,1036
525,5952
526,4226
526,527
526,1206
526,356
526,2571
526,6016
526,296
526,81591
526,5952
526,44191
527,1198
527,2571
527,1196
527,2640
527,1240
527,1036
527,2628
527,1584
527,589
527,608
528,356
528,318
528,1258
528,858
528,1196
528,47
528,260
528,608
528,68157
528,2959
529,1356
529,494
529,628
529,802
529,608
529,733
529,25
529,36
529,376
529,805
530,110
530,590
530,185
530,588
530,595
530,589
530,153
530,527
530,349
530,165
531,2571
531,780
531,1240
531,1291
531,1
531,356
531,1210
531,1196
531,296
531,1270
532,260
532,1196
532,1036
532,1200
532,296
532,356
532,1221
532,1198
532,3578
532,1387
533,318
533,7153
533,4993
533,527
533,5952
533,3578
533,541
533,4306
533,68157
533,2028
534,1291
534,7153
534,296
534,589
534,1240
534,858
534,8665
534,6365
534,112852
534,293
535,2571
535,2997
535,2542
535,260
535,3578
535,3751
535,2712
535,2959
535,2396
535,2692
536,150
536,380
536,593
536,161
536,185
536,454
536,588
536,316
536,318
536,539
537,2959
537,54286
537,68954
537,59315
537,356
537,91529
537,76093
537,116797
537,33794
537,5349
538,60069
538,356
538,79132
538,91500
538,3114
538,1028
538,2571
538,318
538,109487
538,96821
539,4993
539,8368
539,5952
539,60069
539,3114
539,4306
539,1
539,3751
539,1198
539,5618
540,2571
540,7153
540,3578
540,356
540,8961
540,6377
540,1270
540,293
540,4226
540,33794
541,150
541,356
541,588
541,589
541,292
541,339
541,500
541,185
541,527
541,300
542,6874
542,2858
542,480
542,50
542,7153
542,1682
542,588
542,3996
542,1
542,2959
543,318
543,1
543,296
543,1196
543,68954
543,1291
543,4306
543,8961
543,59315
543,2329
544,1073
544,1356
544,786
544,32
544,494
544,788
544,141
544,260
544,628
544,17
545,260
545,356
545,1610
545,1214
545,1210
545,1196
545,2028
545,1527
545,590
545,10
546,2028
546,260
546,110
546,589
546,50
546,1259
546,2762
546,356
546,296
546,1193
547,296
547,50
547,2571
547,1213
547,858
547,593
547,260
547,608
547,1136
547,1197
548,1210
548,5952
548,7153
548,296
548,858
548,593
548,4993
548,2959
548,109487
548,79132
549,2571
549,356
549,7153
549,4993
549,296
549,589
549,91529
549,50
549,33794
549,1200
550,4993
550,91529
550,2571
550,122904
550,69844
550,1198
550,115617
550,152081
550,2324
550,68358
551,2571
551,1704
551,89745
551,2329
551,58559
551,74458
551,1196
551,4878
551,858
551,527
552,4993
552,1136
552,589
552,1206
552,858
552,4226
552,1527
552,1210
552,4022
552,590
553,2571
553,2329
553,593
553,7153
553,4878
553,1196
553,356
553,260
553,58559
553,47
554,1
554,1196
554,1270
554,924
554,1221
554,904
554,296
554,1193
554,4306
554,1219
555,1291
555,1270
555,1580
555,589
555,1240
555,1136
555,296
555,110
555,2396
555,1610
556,7153
556,5816
556,260
556,2571
556,4886
556,1197
556,356
556,60069
556,68954
556,4306
557,1198
557,1196
557,589
557,296
557,110
557,356
557,58559
557,7153
557,5952
557,4993
558,296
558,356
558,2329
558,1196
558,1270
558,858
558,1210
558,1923
558,2918
558,1213
559,590
559,500
559,364
559,553
559,780
559,648
559,10
559,292
559,153
559,158
560,1270
560,858
560,48780
560,480
560,44191
560,2329
560,4226
560,4886
560,51662
560,32
561,2571
561,1196
561,858
561,4226
561,4993
561,5349
561,6333
561,4306
561,1210
561,48394
562,2502
562,47
562,1198
562,8961
562,4963
562,5445
562,51662
562,58559
562,7438
562,32
563,4306
563,5816
563,91529
563,364
563,6539
563,6377
563,39
563,2858
563,58559
563,69757
564,73017
564,62434
564,68954
564,122904
564,112852
564,2858
564,5816
564,6874
564,356
564,6539
565,480
565,377
565,457
565,185
565,434
565,47
565,161
565,380
565,593
565,364
566,589
566,356
566,34
566,587
566,153
566,595
566,508
566,339
566,350
566,349
567,122886
567,2571
567,318
567,3147
567,89745
567,91529
567,589
567,68954
567,8961
567,6539
568,318
568,296
568,110
568,590
568,150
568,380
568,527
568,592
568,47
568,185
569,150
569,110
569,292
569,161
569,457
569,380
569,253
569,339
569,318
569,47
570,2329
570,50
570,4306
570,4011
570,5418
570,6377
570,8665
570,33794
570,2502
570,1036
571,480
571,1210
571,260
571,1215
571,1374
571,2762
571,589
571,1198
571,2571
571,1240
572,1304
572,5060
572,541
572,1208
572,296
572,1291
572,1200
572,457
572,1240
572,589
573,4011
573,58559
573,356
573,6874
573,2571
573,1732
573,32
573,5418
573,608
573,924
574,590
574,588
574,292
574,592
574,457
574,349
574,161
574,356
574,208
574,480
575,2858
575,2762
575,2706
575,2683
575,2702
575,2324
575,2490
575,2700
575,1210
575,2997
576,260
576,2490
576,1214
576,2858
576,1197
576,1215
576,3363
576,4973
576,2571
576,2762
577,1204
577,589
577,1196
577,1208
577,904
577,1136
577,593
577,1
577,1954
577,1193
578,68954
578,4306
578,56367
578,40629
578,356
578,6942
578,63992
578,8961
578,597
578,88810
579,589
579,150
579,1210
579,380
579,1028
579,296
579,733
579,2683
579,3578
579,2706
580,858
580,7153
580,2329
580,4011
580,2115
580,4878
580,5418
580,2502
580,2762
580,4886
581,2762
581,296
581,60069
581,4995
581,3578
581,48394
581,109487
581,76093
581,110
581,6016
582,58559
582,68954
582,318
582,296
582,54286
582,106782
582,59315
582,5952
582,2571
582,4886
583,54503
583,93510
583,6377
583,88163
583,8641
583,69406
583,86833
583,318
583,49286
583,3948
584,110
584,592
584,318
584,377
584,225
584,527
584,2
584,500
584,231
584,454
585,296
585,50
585,318
585,608
585,7361
585,2571
585,47
585,6874
585,356
585,1221
586,1196
586,7153
586,1291
586,6934
586,69844
586,4896
586,364
586,356
586,68358
586,8961
587,858
587,1136
587,608
587,1221
587,1204
587,260
587,1387
587,1291
587,5060
587,1265
588,380
588,457
588,344
588,454
588,153
588,377
588,480
588,586
588,474
588,588
589,50
589,296
589,457
589,150
589,588
589,161
589,367
589,47
589,377
589,539
590,1291
590,2918
590,592
590,2791
590,1221
590,2502
590,480
590,2716
590,1220
590,2997
591,1196
591,110
591,1270
591,3996
591,858
591,593
591,2858
591,589
591,1221
591,1093
592,349
592,292
592,350
592,474
592,296
592,266
592,288
592,185
592,527
592,539
593,296
593,4226
593,527
593,1196
593,457
593,2762
593,2028
593,5445
593,50
593,6333
594,356
594,595
594,590
594,457
594,500
594,10
594,153
594,32
594,454
594,292
595,527
595,1210
595,110
595,356
595,260
595,2571
595,2858
595,296
595,593
595,318
596,47
596,6539
596,68954
596,260
596,33794
596,2115
596,296
596,318
596,4011
596,3578
597,2571
597,608
597,924
597,1374
597,2716
597,296
597,50
597,32
597,2858
597,2529
598,356
598,318
598,8368
598,2571
598,8961
598,4993
598,7153
598,5952
598,5989
598,69844
599,1196
599,296
599,6863
599,356
599,592
599,6711
599,5952
599,3793
599,4011
599,750
600,2959
600,4896
600,2797
600,1073
600,593
600,1387
600,3253
600,5502
600,590
600,1784
601,48780
601,5952
601,44191
601,7153
601,356
601,58559
601,364
601,2762
601,260
601,5418
602,380
602,253
602,318
602,480
602,364
602,225
602,292
602,594
602,236
602,434
603,1208
603,1136
603,1206
603,318
603,1358
603,1097
603,1225
603,1394
603,1968
603,750
604,590
604,318
604,457
604,47
604,160
604,161
604,153
604,150
604,208
604,349
605,1270
605,2571
605,7153
605,46578
605,1198
605,8360
605,7361
605,4973
605,3793
605,344
606,912
606,1097
606,858
606,1270
606,608
606,3996
606,50
606,2683
606,527
606,919
607,1198
607,589
607,2028
607,47
607,32
607,1376
607,1
607,1097
607,541
607,2762
608,2571
608,6539
608,4306
608,6
608,6874
608,1240
608,364
608,1682
608,260
608,2028
609,110
609,161
609,380
609,153
609,349
609,593
609,364
609,300
609,588
609,165
610,32
610,4011
610,33794
610,1206
610,2997
610,1240
610,2700
610,2000
610,68157
610,8917
